"","aug_mean_flow","jan_feb_max_flow","ice_days","sep_dec_max_flow","aug_mean_flow_rear","smolt_age3_survival"
"aug_mean_flow",1,-0.259903976929341,-0.284521062739065,-0.183412455419619,-0.137273675242963,0.058521247597061
"jan_feb_max_flow",-0.259903976929341,1,-0.460877612830225,0.0941391455651315,-0.176770727164345,-0.0473910192307138
"ice_days",-0.284521062739065,-0.460877612830225,1,-0.0845867402873817,0.12757627171184,-0.489985810703494
"sep_dec_max_flow",-0.183412455419619,0.0941391455651315,-0.0845867402873817,1,-0.218775035040675,0.173746057749753
"aug_mean_flow_rear",-0.137273675242963,-0.176770727164345,0.12757627171184,-0.218775035040675,1,0.270737433588633
"smolt_age3_survival",0.058521247597061,-0.0473910192307138,-0.489985810703494,0.173746057749753,0.270737433588633,1
