"","aug_mean_flow","ice_days","sep_dec_max_flow","aug_mean_flow_rear","smolt_age3_survival"
"aug_mean_flow",1,-0.284521062739065,-0.183412455419619,-0.137273675242963,0.058521247597061
"ice_days",-0.284521062739065,1,-0.0845867402873817,0.12757627171184,-0.489985810703494
"sep_dec_max_flow",-0.183412455419619,-0.0845867402873817,1,-0.218775035040675,0.173746057749753
"aug_mean_flow_rear",-0.137273675242963,0.12757627171184,-0.218775035040675,1,0.270737433588633
"smolt_age3_survival",0.058521247597061,-0.489985810703494,0.173746057749753,0.270737433588633,1
