"","mean","se_mean","sd","10%","90%","n_eff","Rhat"
"alpha",2.870441,0.010848,0.949462,1.825359,4.06135,7660.627276,1.000249
"beta",0.000165,0,3.9e-05,0.000116,0.000215,9077.872715,1.00018
"b1",0.029556,0.002253,0.203438,-0.229226,0.28449,8154.241056,1.000626
"b2",0.209371,0.001734,0.171638,-0.004573,0.427826,9799.516392,1.000052
"b4",-0.32564,0.002337,0.210528,-0.586041,-0.063266,8112.572649,1.000566
"b5",0.454623,0.001902,0.178372,0.228721,0.68003,8797.666103,1.000067
"tau",0.756471,0.001992,0.142339,0.595594,0.944297,5103.322008,1.001403
