"","mean","se_mean","sd","10%","90%","n_eff","Rhat"
"alpha",2.757171,0.009857,0.930142,1.749275,3.909779,8903.891947,1.000233
"beta",0.000159,0,4e-05,0.000109,0.000209,10133.351865,1.000162
"b1",0.077677,0.00257,0.214603,-0.188276,0.34459,6970.956166,1.000326
"b2",0.175315,0.001745,0.177352,-0.046036,0.396981,10327.288172,1.000158
"b3",-0.171592,0.001926,0.181575,-0.401384,0.059079,8886.144712,1.00027
"b4",-0.314637,0.002519,0.215647,-0.583538,-0.044182,7326.284371,1.000115
"b5",0.401466,0.002099,0.192316,0.1614,0.643309,8391.795935,1.000232
"tau",0.760424,0.001839,0.144806,0.595109,0.951951,6198.934084,1.000222
