"","mean","se_mean","sd","10%","90%","n_eff","Rhat"
"alpha",2.43648588227643,0.0183997635073261,0.755206792762481,1.58106195513537,3.45149715748407,1684.64071671574,1.00099436603247
"beta",0.0001431221816699,7.83262501047023e-07,3.69695208059674e-05,9.69455236714019e-05,0.000190026024844029,2227.78344641714,1.00080458765424
"b1",0.274915514841184,0.00501347570864675,0.231157023055103,-0.0108909613631882,0.560632347939962,2125.86829772863,1.00092520252241
"b2",-0.253015793112377,0.00400733417472695,0.190018312111768,-0.493603732901832,-0.0109658768603545,2248.43217742274,1.00015023866835
"b3",0.159736803652384,0.00508051706612022,0.236575168037489,-0.132223619180319,0.457586126350242,2168.31555510006,1.00098971642645
"sigma",0.760022772020479,0.00388600963045932,0.15536597019626,0.58484136878905,0.964404323242693,1598.46840915828,1.00013259798523
