"2.5%","50%","97.5%","scenario","perc_change_rel"
4003.43479928276,4964.4655784907,6287.19091058253,"avg_flood_1992_2013",0
2393.37145406272,3528.38120594899,5269.65874632521,"max_flood_1992_2013",-28.9272702134096
1228.7077472528,2437.65093173618,4887.17311957415,"est_nov21_flood_367cms",-50.8980192692308
221.839815945429,972.058574670372,4285.12498918923,"est_nov21_flood_762cms",-80.4196733907883
